{
  "text": "pick the black bolt",
  "pos": [
    1.3085954189300537,
    -3.578991413116455,
    -1.9232515096664429
  ],
  "quat": [
    0.994533360004425,
    0.09152854979038239,
    0.024427851662039757,
    0.043923791497945786
  ],
  "gripper_open_prob": 1.9222950631389165e-09
}