{
  "text": "pick the yellow banana",
  "pos": [
    0.07018004357814789,
    0.005023259669542313,
    0.9788281917572021
  ],
  "quat": [
    0.9833523035049438,
    0.1797487884759903,
    0.026350898668169975,
    -0.0037538325414061546
  ],
  "gripper_open_prob": 8.336200200710424e-11
}